Source,Target,Industry,Industrywise Weight,Source URL,Target URL,Origin
1,354,Miscellaneous,6,http://2011.buildconf.com/conference,http://apple.com/,External
1,354,Miscellaneous,6,http://2011.buildconf.com/conference,http://apple.com/,External
1,354,Miscellaneous,6,http://2011.buildconf.com/conference,http://apple.com/,External
2,3,News,7,http://2strokebuzz.com/,http://2strokebuzz.com/index.php,External
2,3,News,7,http://2strokebuzz.com/,http://2strokebuzz.com/index.php,External
2,3,News,7,http://2strokebuzz.com/,http://2strokebuzz.com/index.php,External
2,354,News,7,http://2strokebuzz.com/,http://apple.com/,External
2,354,News,7,http://2strokebuzz.com/,http://apple.com/,External
2,354,News,7,http://2strokebuzz.com/,http://apple.com/,External
4,5,Miscellaneous,6,http://9to5mac.com/,http://9to5mac.com/2010/11/15/big-announcement-from-itunes-tomorrow-cloud/,External
4,6,Miscellaneous,6,http://9to5mac.com/,http://9to5mac.com/2011/06/09/is-apple-recalling-verizon-ipad-2s/,External
4,7,Miscellaneous,6,http://9to5mac.com/,http://9to5mac.com/2011/10/20/apple-returns-homepage-to-normal-following-celebrate-steve-day-on-campus/,External
4,8,Miscellaneous,6,http://9to5mac.com/,http://9to5mac.com/2012/10/16/apple-has-reportedly-acquired-html-5-design-firm-particle-for-the-talent/,External
4,9,Miscellaneous,6,http://9to5mac.com/,http://9to5mac.com/2013/08/22/iphone-5s-box-photos-making-the-rounds-are-almost-certainly-fake/,External
4,10,Miscellaneous,6,http://9to5mac.com/,http://9to5mac.com/2013/11/06/iphone-and-ipad-stock-tracker-site-pulled-after-apple-issues-takedown-notice/,External
4,11,Miscellaneous,6,http://9to5mac.com/,http://9to5mac.com/2013/11/06/iphone-and-ipad-stock-tracker-site-pulled-after-apple-issues-takedown-notice/comment-page-1/,External
4,12,Miscellaneous,6,http://9to5mac.com/,http://9to5mac.com/2014/08/11/apple-shares-new-your-verse-ipad-campaigns-w-chinas-yaoband-detroits-slow-roll/,External
4,13,Miscellaneous,6,http://9to5mac.com/,http://9to5mac.com/2014/08/11/apple-shares-new-your-verse-ipad-campaigns-w-chinas-yaoband-detroits-slow-roll/comment-page-1/,External
4,13,Miscellaneous,6,http://9to5mac.com/,http://9to5mac.com/2014/08/11/apple-shares-new-your-verse-ipad-campaigns-w-chinas-yaoband-detroits-slow-roll/comment-page-1/,External
4,13,Miscellaneous,6,http://9to5mac.com/,http://9to5mac.com/2014/08/11/apple-shares-new-your-verse-ipad-campaigns-w-chinas-yaoband-detroits-slow-roll/comment-page-1/,External
4,13,Miscellaneous,6,http://9to5mac.com/,http://9to5mac.com/2014/08/11/apple-shares-new-your-verse-ipad-campaigns-w-chinas-yaoband-detroits-slow-roll/comment-page-1/,External
4,13,Miscellaneous,6,http://9to5mac.com/,http://9to5mac.com/2014/08/11/apple-shares-new-your-verse-ipad-campaigns-w-chinas-yaoband-detroits-slow-roll/comment-page-1/,External
4,13,Miscellaneous,6,http://9to5mac.com/,http://9to5mac.com/2014/08/11/apple-shares-new-your-verse-ipad-campaigns-w-chinas-yaoband-detroits-slow-roll/comment-page-1/,External
4,13,Miscellaneous,6,http://9to5mac.com/,http://9to5mac.com/2014/08/11/apple-shares-new-your-verse-ipad-campaigns-w-chinas-yaoband-detroits-slow-roll/comment-page-1/,External
4,13,Miscellaneous,6,http://9to5mac.com/,http://9to5mac.com/2014/08/11/apple-shares-new-your-verse-ipad-campaigns-w-chinas-yaoband-detroits-slow-roll/comment-page-1/,External
4,13,Miscellaneous,6,http://9to5mac.com/,http://9to5mac.com/2014/08/11/apple-shares-new-your-verse-ipad-campaigns-w-chinas-yaoband-detroits-slow-roll/comment-page-1/,External
4,14,Miscellaneous,6,http://9to5mac.com/,http://9to5mac.com/2014/12/14/apple-airs-new-ad-for-the-holidays-the-song/,External
4,15,Miscellaneous,6,http://9to5mac.com/,http://9to5mac.com/2014/12/14/apple-airs-new-ad-for-the-holidays-the-song/comment-page-1/,External
4,16,Miscellaneous,6,http://9to5mac.com/,http://9to5mac.com/2015/03/07/ios-8-how-to-use-siri-to-return-a-lost-iphone-to-their-owner/,External
4,17,Miscellaneous,6,http://9to5mac.com/,http://9to5mac.com/2015/04/09/apple-watch-retail-launch/,External
4,18,Miscellaneous,6,http://9to5mac.com/,http://9to5mac.com/category/mac/,External
4,19,Miscellaneous,6,http://9to5mac.com/,http://9to5mac.com/category/mac/page/2/,External
4,20,Miscellaneous,6,http://9to5mac.com/,http://9to5mac.com/tag/ad/,External
4,21,Miscellaneous,6,http://9to5mac.com/,http://9to5mac.com/tag/al-gore/,External
4,22,Miscellaneous,6,http://9to5mac.com/,http://9to5mac.com/tag/al-gore/feed/,External
4,23,Miscellaneous,6,http://9to5mac.com/,http://9to5mac.com/tag/apple-com/feed/,External
4,24,Miscellaneous,6,http://9to5mac.com/,http://9to5mac.com/tag/apple-product-tracker/feed/,External
4,25,Miscellaneous,6,http://9to5mac.com/,http://9to5mac.com/tag/holiday/,External
4,26,Miscellaneous,6,http://9to5mac.com/,http://9to5mac.com/tag/holiday/feed/,External
4,27,Miscellaneous,6,http://9to5mac.com/,http://9to5mac.com/tag/how-to/feed/,External
4,28,Miscellaneous,6,http://9to5mac.com/,http://9to5mac.com/tag/ryan-bricker/feed/,External
4,29,Miscellaneous,6,http://9to5mac.com/,http://9to5mac.com/tag/settings/feed/,External
4,354,Miscellaneous,6,http://9to5mac.com/,http://apple.com/,External
4,354,Miscellaneous,6,http://9to5mac.com/,http://apple.com/,External
4,354,Miscellaneous,6,http://9to5mac.com/,http://apple.com/,External
4,354,Miscellaneous,6,http://9to5mac.com/,http://apple.com/,External
4,354,Miscellaneous,6,http://9to5mac.com/,http://apple.com/,External
4,354,Miscellaneous,6,http://9to5mac.com/,http://apple.com/,External
4,354,Miscellaneous,6,http://9to5mac.com/,http://apple.com/,External
4,354,Miscellaneous,6,http://9to5mac.com/,http://apple.com/,External
4,354,Miscellaneous,6,http://9to5mac.com/,http://apple.com/,External
4,354,Miscellaneous,6,http://9to5mac.com/,http://apple.com/,External
4,354,Miscellaneous,6,http://9to5mac.com/,http://apple.com/,External
30,354,Miscellaneous,6,http://abhar-android.mihanblog.com/,http://apple.com/,External
31,354,Miscellaneous,6,http://abonnement.vincipark.com/Home/Renouvellement,http://apple.com/,External
32,354,Miscellaneous,6,http://about.me/,http://apple.com/,External
32,33,Miscellaneous,6,http://about.me/,http://about.me/bambi.george,External
32,34,Miscellaneous,6,http://about.me/,http://about.me/bornakatovic,External
32,35,Miscellaneous,6,http://about.me/,http://about.me/yugimotta,External
36,354,Apple,1,http://apple.com/,http://www.apple.com/ipad/,Internal
37,354,Miscellaneous,6,http://activerain.trulia.com/product-reviews/technology-products/sub-category/business-management,http://apple.com/,External
38,39,Apple,1,http://advertising.apple.com/,http://advertising.apple.com/get-started/,Internal
38,40,Apple,1,http://advertising.apple.com/,http://advertising.apple.com/?cid=wwa-naus-seg-iad100604-000004&cp=brand&sr=sem&gclid=CO_UouuEpKgCFcgZ2godkQ4bIQ,Internal
38,41,Apple,1,http://advertising.apple.com/,http://advertising.apple.com/?cid=wwa-naus-seg-iad100604-000004&cp=brand&sr=sem&gclid=CO2XipXolaICFY9M5QodsFsjEA,Internal
38,42,Apple,1,http://advertising.apple.com/,http://advertising.apple.com/ad-showcase/,Internal
38,43,Apple,1,http://advertising.apple.com/,http://advertising.apple.com/benefits/,Internal
38,44,Apple,1,http://advertising.apple.com/,http://advertising.apple.com/choose-your-country/,Internal
38,45,Apple,1,http://advertising.apple.com/,http://advertising.apple.com/contact/,Internal
38,354,Apple,1,http://advertising.apple.com/,http://apple.com/,Internal
46,354,Miscellaneous,6,http://aktakom.com/news/index.php?news=27229,http://apple.com/,External
47,48,Miscellaneous,6,http://alistapart.com/,http://alistapart.com/blog/post/apple-and-responsive-design/,External
47,49,Miscellaneous,6,http://alistapart.com/,http://alistapart.com/blog/post/apple-and-responsive-design/M60o93H7pQ09L8X1t49cHY01Z5j4TT91fGfr/login-return,External
47,354,Miscellaneous,6,http://alistapart.com/,http://apple.com/,External
50,354,Apple,1,http://www.apple.com/watch/,http://apple.com/,Internal
51,354,Technology,11,http://alternativeto.net/software/itunes/,http://apple.com/,External
52,354,Miscellaneous,6,http://amazingribs.com/BBQ_buyers_guide/food_photography.html,http://apple.com/,External
53,354,Miscellaneous,6,http://annesejrskild.dk/2578_links/,http://apple.com/,External
54,354,Miscellaneous,6,http://appadvice.com/appnn/2014/01/happy-birthday-mac-apple-celebrates-with-thirty-years-of-innovation-video,http://apple.com/,External
55,354,Miscellaneous,6,http://apple.stackexchange.com/users/22171/charan,http://apple.com/,External
56,354,Apple,1,http://appleaccount.nl/,http://apple.com/,External
57,354,Miscellaneous,6,http://arabicano.wdsinternational.com/,http://apple.com/,External
58,354,Miscellaneous,6,http://architexts.us/,http://apple.com/,External
59,60,Tech Support,10,http://macitpros.com/,http://archive.constantcontact.com/fs064/1102894903213/archive/1104105956287.html,External
59,60,Tech Support,10,http://macitpros.com/,http://archive.constantcontact.com/fs064/1102894903213/archive/1104105956287.html,External
59,60,Tech Support,10,http://macitpros.com/,http://archive.constantcontact.com/fs064/1102894903213/archive/1104105956287.html,External
59,60,Tech Support,10,http://macitpros.com/,http://archive.constantcontact.com/fs064/1102894903213/archive/1104105956287.html,External
59,60,Tech Support,10,http://macitpros.com/,http://archive.constantcontact.com/fs064/1102894903213/archive/1104105956287.html,External
59,60,Tech Support,10,http://macitpros.com/,http://archive.constantcontact.com/fs064/1102894903213/archive/1104105956287.html,External
59,60,Tech Support,10,http://macitpros.com/,http://archive.constantcontact.com/fs064/1102894903213/archive/1104105956287.html,External
59,60,Tech Support,10,http://macitpros.com/,http://archive.constantcontact.com/fs064/1102894903213/archive/1104105956287.html,External
59,61,Tech Support,10,http://macitpros.com/,http://archive.constantcontact.com/fs077/1102838631378/archive/1103454293586.html,External
59,354,Tech Support,10,http://macitpros.com/,http://apple.com/,External
62,63,Education,4,http://www.oreilly.com/,http://archive.oreilly.com/pub/a/mac/2007/06/12/wwdc-keynote-report.html,External
62,64,Education,4,http://www.oreilly.com/,http://archive.oreilly.com/pub/a/oreilly/digitalmedia/2005/07/20/WhatIsPodcasting.html,External
62,65,Education,4,http://www.oreilly.com/,http://archive.oreilly.com/pub/a/oreilly/digitalmedia/2005/07/20/WhatIsPodcasting.html?page=1,External
62,354,Education,4,http://www.oreilly.com/,http://apple.com/,External
62,354,Education,4,http://www.oreilly.com/,http://apple.com/,External
62,354,Education,4,http://www.oreilly.com/,http://apple.com/,External
62,354,Education,4,http://www.oreilly.com/,http://apple.com/,External
62,354,Education,4,http://www.oreilly.com/,http://apple.com/,External
62,354,Education,4,http://www.oreilly.com/,http://apple.com/,External
62,354,Education,4,http://www.oreilly.com/,http://apple.com/,External
62,354,Education,4,http://www.oreilly.com/,http://apple.com/,External
62,354,Education,4,http://www.oreilly.com/,http://apple.com/,External
62,354,Education,4,http://www.oreilly.com/,http://apple.com/,External
62,354,Education,4,http://www.oreilly.com/,http://apple.com/,External
62,354,Education,4,http://www.oreilly.com/,http://apple.com/,External
62,354,Education,4,http://www.oreilly.com/,http://apple.com/,External
62,354,Education,4,http://www.oreilly.com/,http://apple.com/,External
62,354,Education,4,http://www.oreilly.com/,http://apple.com/,External
62,354,Education,4,http://www.oreilly.com/,http://apple.com/,External
66,67,News,7,http://archive.wired.com/,http://archive.wired.com/gadgets/displays/magazine/test2007/vg_apple_tv,External
66,354,News,7,http://archive.wired.com/,http://apple.com/,External
66,354,News,7,http://archive.wired.com/,http://apple.com/,External
66,354,News,7,http://archive.wired.com/,http://apple.com/,External
66,354,News,7,http://archive.wired.com/,http://apple.com/,External
66,354,News,7,http://archive.wired.com/,http://apple.com/,External
66,354,News,7,http://archive.wired.com/,http://apple.com/,External
66,354,News,7,http://archive.wired.com/,http://apple.com/,External
66,354,News,7,http://archive.wired.com/,http://apple.com/,External
66,354,News,7,http://archive.wired.com/,http://apple.com/,External
66,354,News,7,http://archive.wired.com/,http://apple.com/,External
66,354,News,7,http://archive.wired.com/,http://apple.com/,External
66,354,News,7,http://archive.wired.com/,http://apple.com/,External
66,354,News,7,http://archive.wired.com/,http://apple.com/,External
66,354,News,7,http://archive.wired.com/,http://apple.com/,External
68,354,Miscellaneous,6,http://arlberg-friends.com/,http://apple.com/,External
69,354,Ecom,3,http://arturkalimullin.ru/,http://apple.com/,External
69,354,Ecom,3,http://arturkalimullin.ru/,http://apple.com/,External
69,354,Ecom,3,http://arturkalimullin.ru/,http://apple.com/,External
69,354,Ecom,3,http://arturkalimullin.ru/,http://apple.com/,External
69,354,Ecom,3,http://arturkalimullin.ru/,http://apple.com/,External
69,354,Ecom,3,http://arturkalimullin.ru/,http://apple.com/,External
69,354,Ecom,3,http://arturkalimullin.ru/,http://apple.com/,External
69,354,Ecom,3,http://arturkalimullin.ru/,http://apple.com/,External
69,354,Ecom,3,http://arturkalimullin.ru/,http://apple.com/,External
69,354,Ecom,3,http://arturkalimullin.ru/,http://apple.com/,External
70,354,Miscellaneous,6,http://athemes.com/download/quill-import.xml,http://apple.com/,External
71,354,Miscellaneous,6,http://bestof.nowtoronto.com/2014/winners.cfm?category=157,http://apple.com/,External
72,73,Ecom,3,http://bgr.com/,http://bgr.com/2014/10/09/u2-apple-numbers-innocence-album/,External
72,74,Ecom,3,http://bgr.com/,http://bgr.com/2014/10/14/amazon-apple-u2-songs-of-innocence/,External
72,354,Ecom,3,http://bgr.com/,http://apple.com/,External
75,76,Entertainment,5,http://bjbear71.com/,http://bjbear71.com/Jobim/tom.html,External
75,77,Entertainment,5,http://bjbear71.com/,http://bjbear71.com/Winding/Kai.html,External
75,354,Entertainment,5,http://bjbear71.com/,http://apple.com/,External
78,354,Education,4,http://blog.envirofone.com/,http://apple.com/,External
79,354,Education,4,http://blog.hahlo.com/,http://apple.com/,External
80,354,Education,4,http://blog.hubspot.com/customers/bid/109328/SEO-Ranking-Factors-for-2011-Q-A-with-HubSpot-SEO-Brian-Whalley,http://apple.com/,External
81,82,Education,4,http://blog.jalenack.com/,http://blog.jalenack.com/ajax/,External
81,83,Education,4,http://blog.jalenack.com/,http://blog.jalenack.com/archives/democracy/,External
81,84,Education,4,http://blog.jalenack.com/,http://blog.jalenack.com/crimson-milk-wp-theme/,External
81,354,Education,4,http://blog.jalenack.com/,http://apple.com/,External
85,86,Education,4,http://blog.laptopmag.com/,http://blog.laptopmag.com/iphone-5-vs-galaxy-s4,External
85,87,Education,4,http://blog.laptopmag.com/,http://blog.laptopmag.com/mac-os-x-lion-vs-windows-7-which-is-better,External
85,88,Education,4,http://blog.laptopmag.com/,http://blog.laptopmag.com/make-windows-8-like-windows-7,External
85,89,Education,4,http://blog.laptopmag.com/,http://blog.laptopmag.com/windows-7-tested-on-retina-display-macbook-pro-how-good-is-it,External
85,354,Education,4,http://blog.laptopmag.com/,http://apple.com/,External
90,354,Education,4,http://blog.mozilla.org/faaborg/2010/06/24/why-tabs-are-on-top-in-firefox-4/,http://apple.com/,External
91,354,Education,4,http://blog.roodo.com/honeypie,http://apple.com/,External
92,354,Education,4,http://blog.ted.com/author/tomrielly/feed/,http://apple.com/,External
93,354,Education,4,http://blog.twitsprout.com/,http://apple.com/,External
94,354,Education,4,http://blog.venthur.de/,http://apple.com/,External
95,354,Education,4,http://blogs.houstonpress.com/rocks/digitalia/,http://apple.com/,External
96,354,Education,4,http://blogs.intel.com/technology/2011/01/intel_insider_-_what_is_it_no/,http://apple.com/,External
97,354,Education,4,http://blogs.kqed.org/mindshift/2011/10/weekly-news-roundup-28/,http://apple.com/,External
98,99,Education,4,http://blogs.law.harvard.edu/,http://blogs.law.harvard.edu/doc/2009/11/11/beyond-social-media/comment-page-1/,External
98,100,Education,4,http://blogs.law.harvard.edu/,http://blogs.law.harvard.edu/vrm/category/personal-informatics/,External
98,101,Education,4,http://blogs.law.harvard.edu/,http://blogs.law.harvard.edu/vrm/category/self-tracking/,External
98,102,Education,4,http://blogs.law.harvard.edu/,http://blogs.law.harvard.edu/vrm/tag/application-programming-interface/,External
98,103,Education,4,http://blogs.law.harvard.edu/,http://blogs.law.harvard.edu/vrm/tag/digifit/,External
98,104,Education,4,http://blogs.law.harvard.edu/,http://blogs.law.harvard.edu/vrm/tag/foursquare/,External
98,354,Education,4,http://blogs.law.harvard.edu/,http://apple.com/,External
98,354,Education,4,http://blogs.law.harvard.edu/,http://apple.com/,External
98,354,Education,4,http://blogs.law.harvard.edu/,http://apple.com/,External
98,354,Education,4,http://blogs.law.harvard.edu/,http://apple.com/,External
98,354,Education,4,http://blogs.law.harvard.edu/,http://apple.com/,External
98,354,Education,4,http://blogs.law.harvard.edu/,http://apple.com/,External
98,354,Education,4,http://blogs.law.harvard.edu/,http://apple.com/,External
98,354,Education,4,http://blogs.law.harvard.edu/,http://apple.com/,External
105,106,Education,4,http://blogs.wsj.com/,http://blogs.wsj.com/venturecapital/2012/09/10/your-body-double-could-be-this-robot-some-call-facetime-on-wheels/,External
105,107,Education,4,http://blogs.wsj.com/,http://blogs.wsj.com/venturecapital/2012/10/16/pint-sized-robot-romo-rolls-from-kickstarter-to-vcs-to-neiman-marcus/,External
105,108,Education,4,http://blogs.wsj.com/,http://blogs.wsj.com/venturecapital/2012/10/16/sincerely-gives-away-100000-limited-edition-shepard-fairey-prints/,External
105,109,Education,4,http://blogs.wsj.com/,http://blogs.wsj.com/venturecapital/2013/02/21/the-dos-donts-of-business-in-china/,External
105,354,Education,4,http://blogs.wsj.com/,http://apple.com/,External
110,111,News,7,http://boston.cbslocal.com/,http://boston.cbslocal.com/2011/01/28/boston-group-talks-about-whats-next-for-watching-tv/,External
110,112,News,7,http://boston.cbslocal.com/,http://boston.cbslocal.com/tag/chas-smith/feed/,External
110,113,News,7,http://boston.cbslocal.com/,http://boston.cbslocal.com/tag/maitreyi-krishnaswamy/feed/,External
110,114,News,7,http://boston.cbslocal.com/,http://boston.cbslocal.com/tag/michelle-mccormack/feed/,External
110,115,News,7,http://boston.cbslocal.com/,http://boston.cbslocal.com/top-lists/eight-winter-must-have-items-in-boston/,External
110,354,News,7,http://boston.cbslocal.com/,http://apple.com/,External
110,354,News,7,http://boston.cbslocal.com/,http://apple.com/,External
110,354,News,7,http://boston.cbslocal.com/,http://apple.com/,External
110,354,News,7,http://boston.cbslocal.com/,http://apple.com/,External
110,354,News,7,http://boston.cbslocal.com/,http://apple.com/,External
110,354,News,7,http://boston.cbslocal.com/,http://apple.com/,External
110,354,News,7,http://boston.cbslocal.com/,http://apple.com/,External
110,354,News,7,http://boston.cbslocal.com/,http://apple.com/,External
110,354,News,7,http://boston.cbslocal.com/,http://apple.com/,External
110,354,News,7,http://boston.cbslocal.com/,http://apple.com/,External
110,354,News,7,http://boston.cbslocal.com/,http://apple.com/,External
110,354,News,7,http://boston.cbslocal.com/,http://apple.com/,External
110,354,News,7,http://boston.cbslocal.com/,http://apple.com/,External
110,354,News,7,http://boston.cbslocal.com/,http://apple.com/,External
110,354,News,7,http://boston.cbslocal.com/,http://apple.com/,External
110,354,News,7,http://boston.cbslocal.com/,http://apple.com/,External
110,354,News,7,http://boston.cbslocal.com/,http://apple.com/,External
110,354,News,7,http://boston.cbslocal.com/,http://apple.com/,External
110,354,News,7,http://boston.cbslocal.com/,http://apple.com/,External
110,354,News,7,http://boston.cbslocal.com/,http://apple.com/,External
110,354,News,7,http://boston.cbslocal.com/,http://apple.com/,External
116,354,Education,4,http://brandonmathis.com/,http://apple.com/,External
116,354,Education,4,http://brandonmathis.com/,http://apple.com/,External
116,354,Education,4,http://brandonmathis.com/,http://apple.com/,External
116,354,Education,4,http://brandonmathis.com/,http://apple.com/,External
116,354,Education,4,http://brandonmathis.com/,http://apple.com/,External
116,354,Education,4,http://brandonmathis.com/,http://apple.com/,External
116,354,Education,4,http://brandonmathis.com/,http://apple.com/,External
116,354,Education,4,http://brandonmathis.com/,http://apple.com/,External
116,354,Education,4,http://brandonmathis.com/,http://apple.com/,External
116,354,Education,4,http://brandonmathis.com/,http://apple.com/,External
116,354,Education,4,http://brandonmathis.com/,http://apple.com/,External
116,354,Education,4,http://brandonmathis.com/,http://apple.com/,External
116,354,Education,4,http://brandonmathis.com/,http://apple.com/,External
116,354,Education,4,http://brandonmathis.com/,http://apple.com/,External
116,354,Education,4,http://brandonmathis.com/,http://apple.com/,External
116,354,Education,4,http://brandonmathis.com/,http://apple.com/,External
116,354,Education,4,http://brandonmathis.com/,http://apple.com/,External
116,354,Education,4,http://brandonmathis.com/,http://apple.com/,External
117,354,Education,4,http://braythwayt.com/2013/11/27/herd-thither-me-hither.html,http://apple.com/,External
118,354,Education,4,http://bueltge.de/css-sprites-einfach-erklaert/675/,http://apple.com/,External
119,120,Education,4,http://cardeopress.cardeo.ca/,http://cardeopress.cardeo.ca/?cat=29,External
119,121,Education,4,http://cardeopress.cardeo.ca/,http://cardeopress.cardeo.ca/?m=201301,External
119,354,Education,4,http://cardeopress.cardeo.ca/,http://apple.com/,External
122,354,Education,4,http://cargocollective.com/couch/USA-TODAY-for-iPhone,http://apple.com/,External
123,124,Software,9,http://catchthemes.com/,http://catchthemes.com/demo/adventurous/about/page-markup-and-formatting/,External
123,125,Software,9,http://catchthemes.com/,http://catchthemes.com/demo/adventurous/author/catchthemes/feed/,External
123,126,Software,9,http://catchthemes.com/,http://catchthemes.com/demo/adventurous/category/markup/,External
123,127,Software,9,http://catchthemes.com/,http://catchthemes.com/demo/adventurous/category/markup/feed/,External
123,128,Software,9,http://catchthemes.com/,http://catchthemes.com/demo/adventurous/tag/content-2/feed/,External
123,129,Software,9,http://catchthemes.com/,http://catchthemes.com/demo/adventurous/tag/formatting-2/,External
123,130,Software,9,http://catchthemes.com/,http://catchthemes.com/demo/adventurous/tag/formatting-2/feed/,External
123,131,Software,9,http://catchthemes.com/,http://catchthemes.com/demo/adventurous/tag/html/,External
123,132,Software,9,http://catchthemes.com/,http://catchthemes.com/demo/adventurous/tag/markup-2/,External
123,133,Software,9,http://catchthemes.com/,http://catchthemes.com/demo/catch-evolution/2013/01/11/markup-html-tags-and-formatting/,External
123,134,Software,9,http://catchthemes.com/,http://catchthemes.com/demo/catch-evolution/author/sakinshrestha/feed/,External
123,135,Software,9,http://catchthemes.com/,http://catchthemes.com/demo/catch-evolution/category/markup/feed/,External
123,136,Software,9,http://catchthemes.com/,http://catchthemes.com/demo/catch-evolution/feed/,External
123,137,Software,9,http://catchthemes.com/,http://catchthemes.com/demo/catch-evolution/tag/content-2/feed/,External
123,138,Software,9,http://catchthemes.com/,http://catchthemes.com/demo/catch-evolution/tag/formatting-2/feed/,External
123,139,Software,9,http://catchthemes.com/,http://catchthemes.com/demo/catch-flames/about/page-markup-and-formatting/,External
123,140,Software,9,http://catchthemes.com/,http://catchthemes.com/demo/catch-kathmandu/2012/01/03/template-comments/,External
123,141,Software,9,http://catchthemes.com/,http://catchthemes.com/demo/catch-kathmandu/2013/01/11/markup-html-tags-and-formatting/,External
123,142,Software,9,http://catchthemes.com/,http://catchthemes.com/demo/catch-kathmandu/about/page-markup-and-formatting/,External
123,143,Software,9,http://catchthemes.com/,http://catchthemes.com/demo/catch-kathmandu/author/sakinshrestha/feed/,External
123,144,Software,9,http://catchthemes.com/,http://catchthemes.com/demo/catch-kathmandu/blog/,External
123,145,Software,9,http://catchthemes.com/,http://catchthemes.com/demo/catch-kathmandu/category/markup/,External
123,146,Software,9,http://catchthemes.com/,http://catchthemes.com/demo/catch-kathmandu/category/markup/feed/,External
123,147,Software,9,http://catchthemes.com/,http://catchthemes.com/demo/catch-kathmandu/tag/css/feed/,External
123,148,Software,9,http://catchthemes.com/,http://catchthemes.com/demo/catch-kathmandu/tag/markup-2/,External
123,354,Technology,11,http://catchthemes.com/,http://apple.com/,External
149,354,Technology,11,http://champions.peoplebrowsr.com/,http://apple.com/,External
150,354,Consulting,2,http://charliehoehn.com/2013/01/14/15-years-of-apple-dot-com-homepage/,http://apple.com/,External
151,354,Consulting,2,http://chrisbrogan.com/presentations-as-relationships/,http://apple.com/,External
152,153,News,7,http://chronicle.com/,http://chronicle.com/article/How-Far-the-Apple-Falls/136809/,External
152,154,News,7,http://chronicle.com/,http://chronicle.com/blogs/profhacker/netnonneutral/56855,External
152,354,News,7,http://chronicle.com/,http://apple.com/,External
155,354,Entertainment,5,http://cinehouseuk.blogspot.com/,http://apple.com/,External
156,354,Education,4,http://code.org/about/partners,http://apple.com/,External
157,354,Technology,11,http://codepen.io/bennettfeely/details/twbyA,http://apple.com/,External
158,159,Software,9,http://colorlib.com/,http://colorlib.com/dazzling/markup-html-tags-and-formatting/,External
158,160,Software,9,http://colorlib.com/,http://colorlib.com/dazzling/tag/css/feed/,External
158,161,Software,9,http://colorlib.com/,http://colorlib.com/dazzling/tag/formatting-2/feed/,External
158,162,Software,9,http://colorlib.com/,http://colorlib.com/dazzling/tag/markup-2/feed/,External
158,163,Software,9,http://colorlib.com/,http://colorlib.com/sparkling/category/markup/feed/,External
158,164,Software,9,http://colorlib.com/,http://colorlib.com/sparkling/tag/formatting-2/feed/,External
158,165,Software,9,http://colorlib.com/,http://colorlib.com/unite/about/page-markup-and-formatting/,External
158,166,Software,9,http://colorlib.com/,http://colorlib.com/unite/feed/,External
158,167,Software,9,http://colorlib.com/,http://colorlib.com/unite/tag/css/feed/,External
158,168,Software,9,http://colorlib.com/,http://colorlib.com/unite/template-comments/,External
158,354,Software,9,http://colorlib.com/,http://apple.com/,External
158,354,Software,9,http://colorlib.com/,http://apple.com/,External
158,354,Software,9,http://colorlib.com/,http://apple.com/,External
158,354,Software,9,http://colorlib.com/,http://apple.com/,External
158,354,Software,9,http://colorlib.com/,http://apple.com/,External
158,354,Software,9,http://colorlib.com/,http://apple.com/,External
169,354,Social Networking,8,http://conf.peoplebrowsr.com/,http://apple.com/,External
170,171,Education,4,http://conferences.oreillynet.com/,http://conferences.oreillynet.com/biocon2002/,External
170,172,Education,4,http://conferences.oreillynet.com/,http://conferences.oreillynet.com/cs/bio2002/pub/w/17/exhibitors.html,External
170,173,Education,4,http://conferences.oreillynet.com/,http://conferences.oreillynet.com/cs/bio2002/pub/w/17/sponsors.html,External
170,354,Education,4,http://conferences.oreillynet.com/,http://apple.com/,External
174,354,Education,4,http://consciencia.blog.br/,http://apple.com/,External
175,354,Technology,11,http://content.photojojo.com/buy-this/photoshop-keyboard-skins/,http://apple.com/,External
176,354,News,7,http://content.usatoday.com/communities/technologylive/post/2011/05/impact-of-chinese-factory-explosion-on-ipad/1,http://apple.com/,External
177,178,Technology,11,http://content.yudu.com/,http://content.yudu.com/Library/A22rqk/121/resources/5.htm,External
177,178,Technology,11,http://content.yudu.com/,http://content.yudu.com/Library/A22rqk/121/resources/5.htm,External
177,178,Technology,11,http://content.yudu.com/,http://content.yudu.com/Library/A22rqk/121/resources/5.htm,External
177,178,Technology,11,http://content.yudu.com/,http://content.yudu.com/Library/A22rqk/121/resources/5.htm,External
177,178,Technology,11,http://content.yudu.com/,http://content.yudu.com/Library/A22rqk/121/resources/5.htm,External
177,178,Technology,11,http://content.yudu.com/,http://content.yudu.com/Library/A22rqk/121/resources/5.htm,External
177,178,Technology,11,http://content.yudu.com/,http://content.yudu.com/Library/A22rqk/121/resources/5.htm,External
177,179,Technology,11,http://content.yudu.com/,http://content.yudu.com/Library/A2hx5f/TigerpawPress201314S/resources/4.htm,External
177,354,Technology,11,http://content.yudu.com/,http://apple.com/,External
180,354,Education,4,http://convention.cis.at/,http://apple.com/,External
180,354,Education,4,http://convention.cis.at/,http://apple.com/,External
180,354,Education,4,http://convention.cis.at/,http://apple.com/,External
180,354,Education,4,http://convention.cis.at/,http://apple.com/,External
180,354,Education,4,http://convention.cis.at/,http://apple.com/,External
180,354,Education,4,http://convention.cis.at/,http://apple.com/,External
180,354,Education,4,http://convention.cis.at/,http://apple.com/,External
180,354,Education,4,http://convention.cis.at/,http://apple.com/,External
180,354,Education,4,http://convention.cis.at/,http://apple.com/,External
180,354,Education,4,http://convention.cis.at/,http://apple.com/,External
180,354,Education,4,http://convention.cis.at/,http://apple.com/,External
180,354,Education,4,http://convention.cis.at/,http://apple.com/,External
180,354,Education,4,http://convention.cis.at/,http://apple.com/,External
180,354,Education,4,http://convention.cis.at/,http://apple.com/,External
180,354,Education,4,http://convention.cis.at/,http://apple.com/,External
180,354,Education,4,http://convention.cis.at/,http://apple.com/,External
180,354,Education,4,http://convention.cis.at/,http://apple.com/,External
180,354,Education,4,http://convention.cis.at/,http://apple.com/,External
180,354,Education,4,http://convention.cis.at/,http://apple.com/,External
181,354,Technology,11,http://cookingupafamily.com/,http://apple.com/,External
182,354,Technology,11,http://corte.si/posts/security/apple-udid-survey/index.html,http://apple.com/,External
183,184,Software,9,http://crestaproject.com/,http://crestaproject.com/demo/annina-pro/?p=1,External
183,185,Software,9,http://crestaproject.com/,http://crestaproject.com/demo/blogghiamo-pro/,External
183,186,Software,9,http://crestaproject.com/,http://crestaproject.com/demo/zenzero-pro/,External
183,354,Software,9,http://crestaproject.com/,http://apple.com/,External
187,354,Technology,11,http://crowdmics.com/,http://apple.com/,External
188,354,Education,4,http://customerexperiencematrix.blogspot.com/2014/04/marketo-conference-small-changes-big.html,http://apple.com/,External
188,354,Education,4,http://customerexperiencematrix.blogspot.com/2014/04/marketo-conference-small-changes-big.html,http://apple.com/,External
188,354,Education,4,http://customerexperiencematrix.blogspot.com/2014/04/marketo-conference-small-changes-big.html,http://apple.com/,External
188,354,Education,4,http://customerexperiencematrix.blogspot.com/2014/04/marketo-conference-small-changes-big.html,http://apple.com/,External
188,354,Education,4,http://customerexperiencematrix.blogspot.com/2014/04/marketo-conference-small-changes-big.html,http://apple.com/,External
188,354,Education,4,http://customerexperiencematrix.blogspot.com/2014/04/marketo-conference-small-changes-big.html,http://apple.com/,External
188,354,Education,4,http://customerexperiencematrix.blogspot.com/2014/04/marketo-conference-small-changes-big.html,http://apple.com/,External
188,354,Education,4,http://customerexperiencematrix.blogspot.com/2014/04/marketo-conference-small-changes-big.html,http://apple.com/,External
188,354,Education,4,http://customerexperiencematrix.blogspot.com/2014/04/marketo-conference-small-changes-big.html,http://apple.com/,External
188,354,Education,4,http://customerexperiencematrix.blogspot.com/2014/04/marketo-conference-small-changes-big.html,http://apple.com/,External
188,354,Education,4,http://customerexperiencematrix.blogspot.com/2014/04/marketo-conference-small-changes-big.html,http://apple.com/,External
188,354,Education,4,http://customerexperiencematrix.blogspot.com/2014/04/marketo-conference-small-changes-big.html,http://apple.com/,External
188,354,Education,4,http://customerexperiencematrix.blogspot.com/2014/04/marketo-conference-small-changes-big.html,http://apple.com/,External
188,354,Education,4,http://customerexperiencematrix.blogspot.com/2014/04/marketo-conference-small-changes-big.html,http://apple.com/,External
188,354,Education,4,http://customerexperiencematrix.blogspot.com/2014/04/marketo-conference-small-changes-big.html,http://apple.com/,External
188,354,Education,4,http://customerexperiencematrix.blogspot.com/2014/04/marketo-conference-small-changes-big.html,http://apple.com/,External
189,354,Technology,11,http://cydiarepos.tripod.com/,http://apple.com/,External
190,191,Education,4,http://daringfireball.net/,http://daringfireball.net/2013/09/iphone_5c_5c_event,External
190,192,Education,4,http://daringfireball.net/,http://daringfireball.net/linked/2005/january,External
190,354,Education,4,http://daringfireball.net/,http://apple.com/,External
193,354,Social Networking,8,http://davedelong.com/,http://apple.com/,External
194,195,Software,9,http://demo.designedby.it/native/,http://demo.designedby.it/native/2013/01/11/markup-html-tags-and-formatting/,External
194,354,Software,9,http://demo.designedby.it/native/,http://apple.com/,External
196,354,Technology,11,http://demo.ericmmartin.com/,http://apple.com/,External
196,354,Technology,11,http://demo.ericmmartin.com/,http://apple.com/,External
196,354,Technology,11,http://demo.ericmmartin.com/,http://apple.com/,External
196,354,Technology,11,http://demo.ericmmartin.com/,http://apple.com/,External
196,354,Technology,11,http://demo.ericmmartin.com/,http://apple.com/,External
196,354,Technology,11,http://demo.ericmmartin.com/,http://apple.com/,External
196,354,Technology,11,http://demo.ericmmartin.com/,http://apple.com/,External
196,354,Technology,11,http://demo.ericmmartin.com/,http://apple.com/,External
196,354,Technology,11,http://demo.ericmmartin.com/,http://apple.com/,External
196,354,Technology,11,http://demo.ericmmartin.com/,http://apple.com/,External
196,354,Technology,11,http://demo.ericmmartin.com/,http://apple.com/,External
196,354,Technology,11,http://demo.ericmmartin.com/,http://apple.com/,External
196,354,Technology,11,http://demo.ericmmartin.com/,http://apple.com/,External
196,197,Technology,11,http://demo.ericmmartin.com/,http://demo.ericmmartin.com/?author=2,External
196,198,Technology,11,http://demo.ericmmartin.com/,http://demo.ericmmartin.com/?cat=29,External
196,199,Technology,11,http://demo.ericmmartin.com/,http://demo.ericmmartin.com/?tag=content-2,External
196,200,Technology,11,http://demo.ericmmartin.com/,http://demo.ericmmartin.com/?tag=css,External
196,201,Technology,11,http://demo.ericmmartin.com/,http://demo.ericmmartin.com/?tag=formatting-2,External
196,202,Technology,11,http://demo.ericmmartin.com/,http://demo.ericmmartin.com/?tag=html,External
203,354,Technology,11,http://demo.narga.net/,http://apple.com/,External
204,354,Technology,11,http://demo.starverte.com/,http://apple.com/,External
205,354,Software,9,http://demo.themegrill.com/spacious/typography/,http://apple.com/,External
206,354,Software,9,http://demo.thinkupcloud.com/minamaze-free/,http://apple.com/,External
207,208,Travel,12,http://demo.travel-guides.dk/,http://demo.travel-guides.dk/?p=1148,External
207,209,Travel,12,http://demo.travel-guides.dk/,http://demo.travel-guides.dk/?p=1178,External
207,354,Travel,12,http://demo.travel-guides.dk/,http://apple.com/,External
210,354,Education,4,http://demos.bavotasan.com/ward/,http://demos.bavotasan.com/ward/,External
211,354,Education,4,http://dennis-albrethsen.dk/dennis-albrethsen_sider/links.html,http://apple.com/,External
212,213,News,7,http://derstandard.at/,http://derstandard.at/1379292899086/Apfelkind-Kaffeehaus-gewinnt-Markenstreit-mit-Apple,External
212,214,News,7,http://derstandard.at/,http://derstandard.at/1381371993240/Apple-und-Samsung-streiten-vor-US-Gericht-um-Schadenersatz,External
212,215,News,7,http://derstandard.at/,http://derstandard.at/1385170320330/Apple-Kaffee-und-Techno-Das-Erfolgsrezept-von-Jony-Ive,External
212,216,News,7,http://derstandard.at/,http://derstandard.at/1397522548302/Unverschluesselte-E-Mail-Anhaenge-Fehler-in-iOS-7-entdeckt,External
212,217,News,7,http://derstandard.at/,http://derstandard.at/1399506933345/Apple-schickt-iPhone-4-endgueltig-in-Rente,External
212,218,News,7,http://derstandard.at/,http://derstandard.at/2000003387008/Bildschirmneid-Samsung-stichelt-mit-Werbespot-Richtung-Apple,External
212,219,News,7,http://derstandard.at/,http://derstandard.at/2000003581634/Leak-Angebliche-Leiterplatte-des-iPhone-6-aufgetaucht,External
212,220,News,7,http://derstandard.at/,http://derstandard.at/2000005090797/Umfassendes-Video-von-iPhone-6-aufgetaucht,External
212,221,News,7,http://derstandard.at/,http://derstandard.at/2000005652281/NFC-Chip-in-iPhone-6-nur-fuer-Apple-Pay-verwendbar,External
212,222,News,7,http://derstandard.at/,http://derstandard.at/2000007225069/Konkurrenz-aus-China-fuer-Smartphone-Marktfuehrer-Apple-und-Samsung,External
212,223,News,7,http://derstandard.at/,http://derstandard.at/2000008590508/WLAN-Probleme-mit-iOS-8-Neues-Tool-soll-Abhilfe-schaffen,External
212,224,News,7,http://derstandard.at/,http://derstandard.at/2000008740969/Swatch-Chef-ueber-Apple-Watch-Haette-es-unter-Jobs-nicht,External
212,225,News,7,http://derstandard.at/,http://derstandard.at/2000010265708/Apple-zwingt-iOS-Entwicklern-Kopierschutz-auf,External
212,226,News,7,http://derstandard.at/,http://derstandard.at/2000010367754/iPhone-6S-angeblich-mit-optischem-Zoom-und-Force-Touch,External
212,227,News,7,http://derstandard.at/,http://derstandard.at/2000010592820/Sanktionen-Entwickler-von-der-Krim-fliegen-aus-App-Store,External
212,228,News,7,http://derstandard.at/,http://derstandard.at/2000010692517/Google-legt-Fehler-in-Apples-OS-X-offen,External
212,229,News,7,http://derstandard.at/,http://derstandard.at/2000011502165/Apple-erzielt-93-Prozent-des-Profits-in-Smartphone-Branche,External
212,230,News,7,http://derstandard.at/,http://derstandard.at/2000011562068/Apple-Zukunft-Tim-Cook-hat-keine-Angst-vor-Android,External
212,354,News,7,http://derstandard.at/,http://apple.com/,External
212,354,News,7,http://derstandard.at/,http://apple.com/,External
212,354,News,7,http://derstandard.at/,http://apple.com/,External
212,354,News,7,http://derstandard.at/,http://apple.com/,External
212,354,News,7,http://derstandard.at/,http://apple.com/,External
212,354,News,7,http://derstandard.at/,http://apple.com/,External
212,354,News,7,http://derstandard.at/,http://apple.com/,External
212,354,News,7,http://derstandard.at/,http://apple.com/,External
212,354,News,7,http://derstandard.at/,http://apple.com/,External
212,354,News,7,http://derstandard.at/,http://apple.com/,External
212,354,News,7,http://derstandard.at/,http://apple.com/,External
212,354,News,7,http://derstandard.at/,http://apple.com/,External
212,354,News,7,http://derstandard.at/,http://apple.com/,External
212,354,News,7,http://derstandard.at/,http://apple.com/,External
212,354,News,7,http://derstandard.at/,http://apple.com/,External
212,354,News,7,http://derstandard.at/,http://apple.com/,External
212,354,News,7,http://derstandard.at/,http://apple.com/,External
212,354,News,7,http://derstandard.at/,http://apple.com/,External
212,354,News,7,http://derstandard.at/,http://apple.com/,External
212,354,News,7,http://derstandard.at/,http://apple.com/,External
212,354,News,7,http://derstandard.at/,http://apple.com/,External
212,354,News,7,http://derstandard.at/,http://apple.com/,External
231,354,Technology,11,http://designmodo.com/website-redesign/,http://apple.com/,External
232,354,Technology,11,http://designroast.org/,http://apple.com/,External
233,354,Technology,11,http://develop.alldayeveryday.com/,http://apple.com/,External
234,354,Technology,11,http://dexterweb.nl/,http://apple.com/,External
235,354,News,7,http://digiday.com/brands/5-web-design-lessons-apple-product-launch/,http://apple.com/,External
236,354,Social Networking,8,http://digiwonk.wonderhowto.com/how-to/find-out-who-doesnt-like-you-anymore-facebook-google-instagram-pinterest-tumblr-and-twitter-0140533/,http://apple.com/,External
237,238,Social Networking,8,http://disqus.com/,http://disqus.com/embed/comments/?disqus_version=82d70f54&base=default&f=wiredenterprise&t_i=105911%20http%3A%2F%2Fwww.wired.com%2Fwiredenterprise%2F%3Fp%3D105911&t_e=Out%20in%20the%20Open%3A%20Say%20Hello%20to%20the%20Apple%20of%20Linux%20OSes&t_d=Out%20in%20the%20Open%3A%20Say%20Hello%20to%20the%20Apple%20of%20Linux%20OSes&t_t=Out%20in%20the%20Open%3A%20Say%20Hello%20to%20the%20Apple%20of%20Linux%20OSes&s_o=asc,External
237,239,Social Networking,8,http://disqus.com/,http://disqus.com/embed/comments/?disqus_version=82d70f54&base=default&f=wiredenterprise&t_i=105911%20http%3A%2F%2Fwww.wired.com%2Fwiredenterprise%2F%3Fp%3D105911&t_e=Out%20in%20the%20Open%3A%20Say%20Hello%20to%20the%20Apple%20of%20Linux%20OSes&t_d=Out%20in%20the%20Open%3A%20Say%20Hello%20to%20the%20Apple%20of%20Linux%20OSes&t_t=Out%20in%20the%20Open%3A%20Say%20Hello%20to%20the%20Apple%20of%20Linux%20OSes&s_o=default,External
237,354,Social Networking,8,http://disqus.com/,http://apple.com/,External
240,354,Entertainment,5,http://ditlo.com/2013/09/25/jorge-cruise/,http://apple.com/,External
241,354,Education,4,http://ejohn.org/blog/traffic-conditions-data/,http://apple.com/,External
242,354,Education,4,http://ejohn.org/files/obj-detect.html,http://apple.com/,External
243,354,Education,4,http://elizabeths-blargh.blogspot.com/2015/01/an-open-letter-to-richard-m-stallman.html,http://apple.com/,External
244,354,Education,4,http://en.wikipedia.org/wiki/Wikipedia:Citing_sources,http://apple.com/,External
245,354,Education,4,http://en.wikiquote.org/wiki/Apple_Inc.,http://apple.com/,External
246,354,Technology,11,http://environmentsforhumans.com/2012/css-summit/,http://apple.com/,External
247,248,Social Networking,8,http://feeds.feedburner.com/,http://feeds.feedburner.com/2FatDads,External
247,249,Social Networking,8,http://feeds.feedburner.com/,http://feeds.feedburner.com/BridgemanComputers,External
247,250,Social Networking,8,http://feeds.feedburner.com/,http://feeds.feedburner.com/Design2-0,External
247,251,Social Networking,8,http://feeds.feedburner.com/,http://feeds.feedburner.com/DigitalMinimalism,External
247,252,Social Networking,8,http://feeds.feedburner.com/,http://feeds.feedburner.com/grigorievs,External
247,253,Social Networking,8,http://feeds.feedburner.com/,http://feeds.feedburner.com/itline,External
247,254,Social Networking,8,http://feeds.feedburner.com/,http://feeds.feedburner.com/leardon/ExGX,External
247,255,Social Networking,8,http://feeds.feedburner.com/,http://feeds.feedburner.com/macexpress_iphone,External
247,256,Social Networking,8,http://feeds.feedburner.com/,http://feeds.feedburner.com/MaximumCustomerExperienceBlog,External
247,257,Social Networking,8,http://feeds.feedburner.com/,http://feeds.feedburner.com/mbl0gger/,External
247,258,Social Networking,8,http://feeds.feedburner.com/,http://feeds.feedburner.com/MyMicro-isv,External
247,259,Social Networking,8,http://feeds.feedburner.com/,http://feeds.feedburner.com/newsblogs-computer,External
247,260,Social Networking,8,http://feeds.feedburner.com/,http://feeds.feedburner.com/oriolriuscat-mussol,External
247,261,Social Networking,8,http://feeds.feedburner.com/,http://feeds.feedburner.com/resonancepartnership/jrqO,External
247,262,Social Networking,8,http://feeds.feedburner.com/,http://feeds.feedburner.com/SupportOpsHangout,External
247,263,Social Networking,8,http://feeds.feedburner.com/,http://feeds.feedburner.com/Surf100ProxyBlog,External
247,264,Social Networking,8,http://feeds.feedburner.com/,http://feeds.feedburner.com/swongled2?format=xml,External
247,265,Social Networking,8,http://feeds.feedburner.com/,http://feeds.feedburner.com/swongledatom?format=xml,External
247,266,Social Networking,8,http://feeds.feedburner.com/,http://feeds.feedburner.com/swongledrdf?format=xml,External
247,267,Social Networking,8,http://feeds.feedburner.com/,http://feeds.feedburner.com/toptenselection,External
247,268,Social Networking,8,http://feeds.feedburner.com/,http://feeds.feedburner.com/Yumeware,External
247,354,Social Networking,8,http://feeds.feedburner.com/,http://apple.com/,External
269,354,Social Networking,8,http://feeds2.feedburner.com/,http://apple.com/,External
269,270,Social Networking,8,http://feeds2.feedburner.com/,http://feeds2.feedburner.com/itline,External
269,271,Social Networking,8,http://feeds2.feedburner.com/,http://feeds2.feedburner.com/lostintechnology/rss,External
269,272,Social Networking,8,http://feeds2.feedburner.com/,http://feeds2.feedburner.com/nilcolor,External
269,273,Social Networking,8,http://feeds2.feedburner.com/,http://feeds2.feedburner.com/StevenCrader,External
274,354,Education,4,http://hackerspace.lifehacker.com/wwdc-is-coming-511271518,http://apple.com/,External
275,354,Entertainment,5,http://flickrstudioapp.com/,http://apple.com/,External
276,277,News,7,http://fortune.com/,http://fortune.com/2008/11/26/apple-sale-all-macs-must-go-update/,External
276,277,News,7,http://fortune.com/,http://fortune.com/2008/11/26/apple-sale-all-macs-must-go-update/,External
276,277,News,7,http://fortune.com/,http://fortune.com/2008/11/26/apple-sale-all-macs-must-go-update/,External
276,277,News,7,http://fortune.com/,http://fortune.com/2008/11/26/apple-sale-all-macs-must-go-update/,External
276,277,News,7,http://fortune.com/,http://fortune.com/2008/11/26/apple-sale-all-macs-must-go-update/,External
276,277,News,7,http://fortune.com/,http://fortune.com/2008/11/26/apple-sale-all-macs-must-go-update/,External
276,277,News,7,http://fortune.com/,http://fortune.com/2008/11/26/apple-sale-all-macs-must-go-update/,External
276,277,News,7,http://fortune.com/,http://fortune.com/2008/11/26/apple-sale-all-macs-must-go-update/,External
276,277,News,7,http://fortune.com/,http://fortune.com/2008/11/26/apple-sale-all-macs-must-go-update/,External
276,277,News,7,http://fortune.com/,http://fortune.com/2008/11/26/apple-sale-all-macs-must-go-update/,External
276,277,News,7,http://fortune.com/,http://fortune.com/2008/11/26/apple-sale-all-macs-must-go-update/,External
276,277,News,7,http://fortune.com/,http://fortune.com/2008/11/26/apple-sale-all-macs-must-go-update/,External
276,277,News,7,http://fortune.com/,http://fortune.com/2008/11/26/apple-sale-all-macs-must-go-update/,External
276,277,News,7,http://fortune.com/,http://fortune.com/2008/11/26/apple-sale-all-macs-must-go-update/,External
276,277,News,7,http://fortune.com/,http://fortune.com/2008/11/26/apple-sale-all-macs-must-go-update/,External
276,277,News,7,http://fortune.com/,http://fortune.com/2008/11/26/apple-sale-all-macs-must-go-update/,External
276,278,News,7,http://fortune.com/,http://fortune.com/2013/10/22/watching-apples-live-stream/,External
276,279,News,7,http://fortune.com/,http://fortune.com/2013/11/06/takedown-apple-invokes-the-digital-millennium-copyright-act/,External
276,280,News,7,http://fortune.com/,http://fortune.com/2014/04/21/video-how-green-is-apple/,External
276,354,News,7,http://fortune.com/,http://apple.com/,External
281,354,Ecom,3,http://forums.lenovo.com/t5/T61-and-prior-T-series-ThinkPad/T61-Support-SATA-II/td-p/64464/page/6,http://apple.com/,External
282,283,News,7,http://macrumors.com,http://forums.macrumors.com/showthread.php?t=1469926,External
282,284,News,7,http://macrumors.com,http://forums.macrumors.com/showthread.php?t=348100,External
282,285,News,7,http://macrumors.com,http://forums.macrumors.com/showthread.php?t=370511&page=2,External
282,286,News,7,http://macrumors.com,http://forums.macrumors.com/showthread.php?t=449178&page=3,External
282,287,News,7,http://macrumors.com,http://forums.macrumors.com/showthread.php?t=449178&page=5,External
282,288,News,7,http://macrumors.com,http://forums.macrumors.com/showthread.php?t=463712,External
282,289,News,7,http://macrumors.com,http://forums.macrumors.com/showthread.php?t=474165,External
282,290,News,7,http://macrumors.com,http://forums.macrumors.com/showthread.php?t=477380,External
282,354,News,7,http://macrumors.com,http://apple.com/,External
291,292,Education,4,http://friendfeed.com/,http://friendfeed.com/giacomozzi/comments,External
291,293,Education,4,http://friendfeed.com/,http://friendfeed.com/jamesgrandstaff,External
291,294,Education,4,http://friendfeed.com/,http://friendfeed.com/lyndonperry,External
291,295,Education,4,http://friendfeed.com/,http://friendfeed.com/tolgaokur?start=30,External
291,354,Education,4,http://friendfeed.com/,http://apple.com/,External
296,354,News,7,http://latimesblogs.latimes.com/technology/2010/02/apple-itunes-sells-10-billion-songs-but-not-10-billions.html,http://apple.com/,External
297,354,News,7,http://gizmodo.com/5557673/safari-5-clips-chrome-and-apes-instapaper-with-safari-reader,http://apple.com/,External
298,354,Education,4,http://gr.peoplebrowsr.com/,http://apple.com/,External
299,354,Education,4,http://greatideas.people.com/2014/09/09/apple-iphone-6-plus-cupcakes/,http://apple.com/,External
300,354,Technology,11,http://homestead.com/,http://apple.com/,External
300,354,Technology,11,http://homestead.com/,http://apple.com/,External
300,354,Technology,11,http://homestead.com/,http://apple.com/,External
300,354,Technology,11,http://homestead.com/,http://apple.com/,External
300,354,Technology,11,http://homestead.com/,http://apple.com/,External
300,354,Technology,11,http://homestead.com/,http://apple.com/,External
300,354,Technology,11,http://homestead.com/,http://apple.com/,External
300,354,Technology,11,http://homestead.com/,http://apple.com/,External
300,354,Technology,11,http://homestead.com/,http://apple.com/,External
300,354,Technology,11,http://homestead.com/,http://apple.com/,External
300,354,Technology,11,http://homestead.com/,http://apple.com/,External
300,301,Technology,11,http://homestead.com/,http://listings.homestead.com/g10742-clinton-twp-mi/c41-computers-electronics?name=Computers%20&%20Electronics&where=&start=10,External
300,302,Technology,11,http://homestead.com/,http://listings.homestead.com/g140-pasadena-ca/c41-computers-electronics,External
300,303,Technology,11,http://homestead.com/,http://listings.homestead.com/g1942-seattle-wa/c39-home-garden?name=Home%20&%20Garden&where=&start=60,External
300,304,Technology,11,http://homestead.com/,http://listings.homestead.com/g21953-charlotte-nc/c1577-audio-video-equipment?name=Audio%20&%20Video%20Equipment&where=&start=10,External
300,305,Technology,11,http://homestead.com/,http://listings.homestead.com/g21953-charlotte-nc/c41-computers-electronics?name=Computers%20&%20Electronics&where=&start=10,External
300,306,Technology,11,http://homestead.com/,http://listings.homestead.com/g23599-altamonte-spgs-fl/c41-computers-electronics?name=Computers%20&%20Electronics&where=&start=50,External
300,307,Technology,11,http://homestead.com/,http://listings.homestead.com/g23831-tampa-fl/c902-computer-electronics-retail?name=Computer%20&%20Electronics%20Retail&where=&start=10,External
300,308,Technology,11,http://homestead.com/,http://listings.homestead.com/g24029-fort-pierce-fl/c44-business-to-business?name=Business%20to%20Business&where=&start=10,External
300,309,Technology,11,http://homestead.com/,http://listings.homestead.com/g252-escondido-ca/c904-electronics-retailers?name=Electronics%20Retailers&where=&start=40,External
300,310,Technology,11,http://homestead.com/,http://listings.homestead.com/g25929-burlington-ma/c41-computers-electronics?name=Computers%20&%20Electronics&where=&start=60,External
300,311,Technology,11,http://homestead.com/,http://listings.homestead.com/g27540-farmington-ct/c41-computers-electronics?name=Computers%20&%20Electronics&where=&start=20,External
300,312,Technology,11,http://homestead.com/,http://listings.homestead.com/g6038-lone-tree-co/c41-computers-electronics?name=Computers%20&%20Electronics&where=&start=10,External
300,313,Technology,11,http://homestead.com/,http://listings.homestead.com/g731-san-francisco-ca/c41-computers-electronics?name=Computers%20&%20Electronics&where=&start=50,External
300,314,Technology,11,http://homestead.com/,http://listings.homestead.com/g731-san-francisco-ca/c902-computer-electronics-retail?name=Computer%20&%20Electronics%20Retail&where=&start=20,External
300,315,Technology,11,http://homestead.com/,http://listings.homestead.com/g732-sacramento-ca/c1577-audio-video-equipment?name=Audio%20&%20Video%20Equipment&where=&start=10,External
300,316,Technology,11,http://homestead.com/,http://listings.homestead.com/g7330-tucson-az/c1577-audio-video-equipment?name=Audio%20&%20Video%20Equipment&where=&start=20,External
300,317,Technology,11,http://homestead.com/,http://listings.homestead.com/g7330-tucson-az/c902-computer-electronics-retail?name=Computer%20&%20Electronics%20Retail&where=&start=10,External
300,318,Technology,11,http://homestead.com/,http://listings.homestead.com/g733-palo-alto-ca/c39-home-garden?name=Home%20&%20Garden&where=&start=10,External
300,319,Technology,11,http://homestead.com/,http://listings.homestead.com/g7845-las-vegas-nv/c1577-audio-video-equipment?name=Audio%20&%20Video%20Equipment&where=&start=10,External
300,320,Technology,11,http://homestead.com/,http://listings.homestead.com/info-apple-store-boca-raton-fl-1,External
300,321,Technology,11,http://homestead.com/,http://listings.homestead.com/info-apple-store-freehold-nj-1,External
300,322,Technology,11,http://homestead.com/,http://listings.homestead.com/info-apple-store-mc-lean-va-1,External
300,323,Technology,11,http://homestead.com/,http://listings.homestead.com/info-apple-store-peabody-ma-1,External
300,324,Technology,11,http://homestead.com/,http://listings.homestead.com/info-apple-store-ridgeland-ms-1,External
300,325,Technology,11,http://homestead.com/,http://listings.homestead.com/info-apple-store-sherman-oaks-ca-1,External
300,354,Technology,11,http://homestead.com/,http://apple.com/,External
326,354,News,7,http://grywamy.com/,http://apple.com/,External
327,354,Ecom,3,http://homeyimprovements.com/,http://apple.com/,External
328,329,Education,4,http://hourofcode.com/,http://hourofcode.com/es/partners,External
328,330,Education,4,http://hourofcode.com/,http://hourofcode.com/fr/partners,External
328,331,Education,4,http://hourofcode.com/,http://hourofcode.com/nl/partners,External
328,332,Education,4,http://hourofcode.com/,http://hourofcode.com/us/partners,External
328,354,Education,4,http://hourofcode.com/,http://apple.com/,External
333,354,Ecom,3,http://iapple.herniweb.cz/readarticle.php?article_id=3,http://apple.com/,External
334,354,News,7,http://insights.wired.com/profiles/blogs/apple-pay-restoring-the-wallet-back-to-a-styling-accessory,http://apple.com/,External
335,336,Education,4,http://incident57.com/,http://incident57.com/codekit/,External
335,354,Education,4,http://incident57.com/,http://apple.com/,External
337,354,Ecom,3,http://liveoutloudproductions.com/,http://apple.com/,External
338,339,Education,4,http://llvm.org/,http://llvm.org/devmtg/2009-10/,External
338,340,Education,4,http://llvm.org/,http://llvm.org/devmtg/2011-11/,External
338,341,Education,4,http://llvm.org/,http://llvm.org/devmtg/2012-11/,External
338,342,Education,4,http://llvm.org/,http://llvm.org/devmtg/2013-11/,External
338,354,Technology,11,http://llvm.org/,http://apple.com/,External
338,354,Technology,11,http://llvm.org/,http://apple.com/,External
338,354,Technology,11,http://llvm.org/,http://apple.com/,External
338,354,Technology,11,http://llvm.org/,http://apple.com/,External
338,354,Technology,11,http://llvm.org/,http://apple.com/,External
338,354,Technology,11,http://llvm.org/,http://apple.com/,External
338,354,Technology,11,http://llvm.org/,http://apple.com/,External
338,354,Technology,11,http://llvm.org/,http://apple.com/,External
338,354,Technology,11,http://llvm.org/,http://apple.com/,External
338,354,Technology,11,http://llvm.org/,http://apple.com/,External
338,354,Technology,11,http://llvm.org/,http://apple.com/,External
343,354,Technology,11,http://mac.appstorm.net/roundups/utilities-roundups/8-versatile-mac-screenshot-apps/,http://apple.com/,External
344,346,News,7,http://mashable.com/,http://mashable.com/2007/06/12/apple-bebo/,External
344,347,News,7,http://mashable.com/,http://mashable.com/2007/11/29/brightcove-misses-the-point-of-business-make-money/,External
344,348,News,7,http://mashable.com/,http://mashable.com/2008/05/05/2008-webby-award-winners/,External
344,349,News,7,http://mashable.com/,http://mashable.com/2009/01/30/super-bowl-ads-tech/,External
344,350,News,7,http://mashable.com/,http://mashable.com/2010/08/31/apple-live-video-strea/,External
344,351,News,7,http://mashable.com/,http://mashable.com/2011/02/04/iphone-4-verizon-record/,External
344,352,News,7,http://mashable.com/,http://mashable.com/2013/02/22/social-media-marketing-strategy/,External
344,353,News,7,http://mashable.com/,http://mashable.com/2014/09/29/advertising-tech-engagement/,External
344,354,News,7,http://mashable.com/,http://apple.com/,External
345,354,Ecom,3,http://marty.com/,http://apple.com/,External
345,354,Ecom,3,http://marty.com/,http://apple.com/,External
345,354,Ecom,3,http://marty.com/,http://apple.com/,External
345,354,Ecom,3,http://marty.com/,http://apple.com/,External
345,354,Ecom,3,http://marty.com/,http://apple.com/,External
345,354,Ecom,3,http://marty.com/,http://apple.com/,External
345,354,Ecom,3,http://marty.com/,http://apple.com/,External
354,354,Apple,1,http://apple.com/,http://apple.com/,Internal
355,354,Advertising,13,http://www.harishvenkatesh.advertising.com ,http://apple.com/,External
356,354,Automobile,14,http://www.harishvenkatesh.automobile.com ,http://apple.com/,External
