Id,Industry,Industrywise Weight,Description,Origin
1,Miscellaneous,6,http://2011.buildconf.com/conference,External
2,News,7,http://2strokebuzz.com/,External
3,News,7,http://2strokebuzz.com/index.php,External
4,Miscellaneous,6,http://9to5mac.com/,External
5,Miscellaneous,6,http://9to5mac.com/2010/11/15/big-announcement-from-itunes-tomorrow-cloud/,External
6,Miscellaneous,6,http://9to5mac.com/2011/06/09/is-apple-recalling-verizon-ipad-2s/,External
7,Miscellaneous,6,http://9to5mac.com/2011/10/20/apple-returns-homepage-to-normal-following-celebrate-steve-day-on-campus/,External
8,Miscellaneous,6,http://9to5mac.com/2012/10/16/apple-has-reportedly-acquired-html-5-design-firm-particle-for-the-talent/,External
9,Miscellaneous,6,http://9to5mac.com/2013/08/22/iphone-5s-box-photos-making-the-rounds-are-almost-certainly-fake/,External
10,Miscellaneous,6,http://9to5mac.com/2013/11/06/iphone-and-ipad-stock-tracker-site-pulled-after-apple-issues-takedown-notice/,External
11,Miscellaneous,6,http://9to5mac.com/2013/11/06/iphone-and-ipad-stock-tracker-site-pulled-after-apple-issues-takedown-notice/comment-page-1/,External
12,Miscellaneous,6,http://9to5mac.com/2014/08/11/apple-shares-new-your-verse-ipad-campaigns-w-chinas-yaoband-detroits-slow-roll/,External
13,Miscellaneous,6,http://9to5mac.com/2014/08/11/apple-shares-new-your-verse-ipad-campaigns-w-chinas-yaoband-detroits-slow-roll/comment-page-1/,External
14,Miscellaneous,6,http://9to5mac.com/2014/12/14/apple-airs-new-ad-for-the-holidays-the-song/,External
15,Miscellaneous,6,http://9to5mac.com/2014/12/14/apple-airs-new-ad-for-the-holidays-the-song/comment-page-1/,External
16,Miscellaneous,6,http://9to5mac.com/2015/03/07/ios-8-how-to-use-siri-to-return-a-lost-iphone-to-their-owner/,External
17,Miscellaneous,6,http://9to5mac.com/2015/04/09/apple-watch-retail-launch/,External
18,Miscellaneous,6,http://9to5mac.com/category/mac/,External
19,Miscellaneous,6,http://9to5mac.com/category/mac/page/2/,External
20,Miscellaneous,6,http://9to5mac.com/tag/ad/,External
21,Miscellaneous,6,http://9to5mac.com/tag/al-gore/,External
22,Miscellaneous,6,http://9to5mac.com/tag/al-gore/feed/,External
23,Miscellaneous,6,http://9to5mac.com/tag/apple-com/feed/,External
24,Miscellaneous,6,http://9to5mac.com/tag/apple-product-tracker/feed/,External
25,Miscellaneous,6,http://9to5mac.com/tag/holiday/,External
26,Miscellaneous,6,http://9to5mac.com/tag/holiday/feed/,External
27,Miscellaneous,6,http://9to5mac.com/tag/how-to/feed/,External
28,Miscellaneous,6,http://9to5mac.com/tag/ryan-bricker/feed/,External
29,Miscellaneous,6,http://9to5mac.com/tag/settings/feed/,External
30,Miscellaneous,6,http://abhar-android.mihanblog.com/,External
31,Miscellaneous,6,http://abonnement.vincipark.com/Home/Renouvellement,External
32,Miscellaneous,6,http://about.me/,External
33,Miscellaneous,6,http://about.me/bambi.george,External
34,Miscellaneous,6,http://about.me/bornakatovic,External
35,Miscellaneous,6,http://about.me/yugimotta,External
36,Apple,1,http://www.apple.com/ipad/,Internal
37,Miscellaneous,6,http://activerain.trulia.com/product-reviews/technology-products/sub-category/business-management,External
38,Apple,1,http://advertising.apple.com/,Internal
39,Apple,1,http://advertising.apple.com/get-started/,Internal
40,Apple,1,http://advertising.apple.com/?cid=wwa-naus-seg-iad100604-000004&cp=brand&sr=sem&gclid=CO_UouuEpKgCFcgZ2godkQ4bIQ,Internal
41,Apple,1,http://advertising.apple.com/?cid=wwa-naus-seg-iad100604-000004&cp=brand&sr=sem&gclid=CO2XipXolaICFY9M5QodsFsjEA,Internal
42,Apple,1,http://advertising.apple.com/ad-showcase/,Internal
43,Apple,1,http://advertising.apple.com/benefits/,Internal
44,Apple,1,http://advertising.apple.com/choose-your-country/,Internal
45,Apple,1,http://advertising.apple.com/contact/,Internal
46,Miscellaneous,6,http://aktakom.com/news/index.php?news=27229,External
47,Miscellaneous,6,http://alistapart.com/,External
48,Miscellaneous,6,http://alistapart.com/blog/post/apple-and-responsive-design/,External
49,Miscellaneous,6,http://alistapart.com/blog/post/apple-and-responsive-design/M60o93H7pQ09L8X1t49cHY01Z5j4TT91fGfr/login-return,External
50,Apple,1,http://www.apple.com/watch/,Internal
51,Technology,11,http://alternativeto.net/software/itunes/,External
52,Miscellaneous,6,http://amazingribs.com/BBQ_buyers_guide/food_photography.html,External
53,Miscellaneous,6,http://annesejrskild.dk/2578_links/,External
54,Miscellaneous,6,http://appadvice.com/appnn/2014/01/happy-birthday-mac-apple-celebrates-with-thirty-years-of-innovation-video,External
55,Miscellaneous,6,http://apple.stackexchange.com/users/22171/charan,External
56,Apple,1,http://appleaccount.nl/,Internal
57,Miscellaneous,6,http://arabicano.wdsinternational.com/,External
58,Miscellaneous,6,http://architexts.us/,External
59,Tech Support,10,http://macitpros.com/,External
60,Tech Support,10,http://archive.constantcontact.com/fs064/1102894903213/archive/1104105956287.html,External
61,Tech Support,10,http://archive.constantcontact.com/fs077/1102838631378/archive/1103454293586.html,External
62,Education,4,http://www.oreilly.com/,External
63,Education,4,http://archive.oreilly.com/pub/a/mac/2007/06/12/wwdc-keynote-report.html,External
64,Education,4,http://archive.oreilly.com/pub/a/oreilly/digitalmedia/2005/07/20/WhatIsPodcasting.html,External
65,Education,4,http://archive.oreilly.com/pub/a/oreilly/digitalmedia/2005/07/20/WhatIsPodcasting.html?page=1,External
66,News,7,http://archive.wired.com/,External
67,News,7,http://archive.wired.com/gadgets/displays/magazine/test2007/vg_apple_tv,External
68,Miscellaneous,6,http://arlberg-friends.com/,External
69,Ecom,3,http://arturkalimullin.ru/,External
70,Miscellaneous,6,http://athemes.com/download/quill-import.xml,External
71,Miscellaneous,6,http://bestof.nowtoronto.com/2014/winners.cfm?category=157,External
72,Ecom,3,http://bgr.com/,External
73,Ecom,3,http://bgr.com/2014/10/09/u2-apple-numbers-innocence-album/,External
74,Ecom,3,http://bgr.com/2014/10/14/amazon-apple-u2-songs-of-innocence/,External
75,Entertainment,5,http://bjbear71.com/,External
76,Entertainment,5,http://bjbear71.com/Jobim/tom.html,External
77,Entertainment,5,http://bjbear71.com/Winding/Kai.html,External
78,Education,4,http://blog.envirofone.com/,External
79,Education,4,http://blog.hahlo.com/,External
80,Education,4,http://blog.hubspot.com/customers/bid/109328/SEO-Ranking-Factors-for-2011-Q-A-with-HubSpot-SEO-Brian-Whalley,External
81,Education,4,http://blog.jalenack.com/,External
82,Education,4,http://blog.jalenack.com/ajax/,External
83,Education,4,http://blog.jalenack.com/archives/democracy/,External
84,Education,4,http://blog.jalenack.com/crimson-milk-wp-theme/,External
85,Education,4,http://blog.laptopmag.com/,External
86,Education,4,http://blog.laptopmag.com/iphone-5-vs-galaxy-s4,External
87,Education,4,http://blog.laptopmag.com/mac-os-x-lion-vs-windows-7-which-is-better,External
88,Education,4,http://blog.laptopmag.com/make-windows-8-like-windows-7,External
89,Education,4,http://blog.laptopmag.com/windows-7-tested-on-retina-display-macbook-pro-how-good-is-it,External
90,Education,4,http://blog.mozilla.org/faaborg/2010/06/24/why-tabs-are-on-top-in-firefox-4/,External
91,Education,4,http://blog.roodo.com/honeypie,External
92,Education,4,http://blog.ted.com/author/tomrielly/feed/,External
93,Education,4,http://blog.twitsprout.com/,External
94,Education,4,http://blog.venthur.de/,External
95,Education,4,http://blogs.houstonpress.com/rocks/digitalia/,External
96,Education,4,http://blogs.intel.com/technology/2011/01/intel_insider_-_what_is_it_no/,External
97,Education,4,http://blogs.kqed.org/mindshift/2011/10/weekly-news-roundup-28/,External
98,Education,4,http://blogs.law.harvard.edu/,External
99,Education,4,http://blogs.law.harvard.edu/doc/2009/11/11/beyond-social-media/comment-page-1/,External
100,Education,4,http://blogs.law.harvard.edu/vrm/category/personal-informatics/,External
101,Education,4,http://blogs.law.harvard.edu/vrm/category/self-tracking/,External
102,Education,4,http://blogs.law.harvard.edu/vrm/tag/application-programming-interface/,External
103,Education,4,http://blogs.law.harvard.edu/vrm/tag/digifit/,External
104,Education,4,http://blogs.law.harvard.edu/vrm/tag/foursquare/,External
105,Education,4,http://blogs.wsj.com/,External
106,Education,4,http://blogs.wsj.com/venturecapital/2012/09/10/your-body-double-could-be-this-robot-some-call-facetime-on-wheels/,External
107,Education,4,http://blogs.wsj.com/venturecapital/2012/10/16/pint-sized-robot-romo-rolls-from-kickstarter-to-vcs-to-neiman-marcus/,External
108,Education,4,http://blogs.wsj.com/venturecapital/2012/10/16/sincerely-gives-away-100000-limited-edition-shepard-fairey-prints/,External
109,Education,4,http://blogs.wsj.com/venturecapital/2013/02/21/the-dos-donts-of-business-in-china/,External
110,Education,4,http://boston.cbslocal.com/,External
111,News,7,http://boston.cbslocal.com/2011/01/28/boston-group-talks-about-whats-next-for-watching-tv/,External
112,News,7,http://boston.cbslocal.com/tag/chas-smith/feed/,External
113,News,7,http://boston.cbslocal.com/tag/maitreyi-krishnaswamy/feed/,External
114,News,7,http://boston.cbslocal.com/tag/michelle-mccormack/feed/,External
115,News,7,http://boston.cbslocal.com/top-lists/eight-winter-must-have-items-in-boston/,External
116,Education,4,http://brandonmathis.com/,External
117,Education,4,http://braythwayt.com/2013/11/27/herd-thither-me-hither.html,External
118,Education,4,http://bueltge.de/css-sprites-einfach-erklaert/675/,External
119,Education,4,http://cardeopress.cardeo.ca/,External
120,Education,4,http://cardeopress.cardeo.ca/?cat=29,External
121,Education,4,http://cardeopress.cardeo.ca/?m=201301,External
122,Education,4,http://cargocollective.com/couch/USA-TODAY-for-iPhone,External
123,Software,9,http://catchthemes.com/,External
124,Software,9,http://catchthemes.com/demo/adventurous/about/page-markup-and-formatting/,External
125,Software,9,http://catchthemes.com/demo/adventurous/author/catchthemes/feed/,External
126,Software,9,http://catchthemes.com/demo/adventurous/category/markup/,External
127,Software,9,http://catchthemes.com/demo/adventurous/category/markup/feed/,External
128,Software,9,http://catchthemes.com/demo/adventurous/tag/content-2/feed/,External
129,Software,9,http://catchthemes.com/demo/adventurous/tag/formatting-2/,External
130,Software,9,http://catchthemes.com/demo/adventurous/tag/formatting-2/feed/,External
131,Software,9,http://catchthemes.com/demo/adventurous/tag/html/,External
132,Software,9,http://catchthemes.com/demo/adventurous/tag/markup-2/,External
133,Software,9,http://catchthemes.com/demo/catch-evolution/2013/01/11/markup-html-tags-and-formatting/,External
134,Software,9,http://catchthemes.com/demo/catch-evolution/author/sakinshrestha/feed/,External
135,Software,9,http://catchthemes.com/demo/catch-evolution/category/markup/feed/,External
136,Software,9,http://catchthemes.com/demo/catch-evolution/feed/,External
137,Software,9,http://catchthemes.com/demo/catch-evolution/tag/content-2/feed/,External
138,Software,9,http://catchthemes.com/demo/catch-evolution/tag/formatting-2/feed/,External
139,Software,9,http://catchthemes.com/demo/catch-flames/about/page-markup-and-formatting/,External
140,Software,9,http://catchthemes.com/demo/catch-kathmandu/2012/01/03/template-comments/,External
141,Software,9,http://catchthemes.com/demo/catch-kathmandu/2013/01/11/markup-html-tags-and-formatting/,External
142,Software,9,http://catchthemes.com/demo/catch-kathmandu/about/page-markup-and-formatting/,External
143,Software,9,http://catchthemes.com/demo/catch-kathmandu/author/sakinshrestha/feed/,External
144,Software,9,http://catchthemes.com/demo/catch-kathmandu/blog/,External
145,Software,9,http://catchthemes.com/demo/catch-kathmandu/category/markup/,External
146,Software,9,http://catchthemes.com/demo/catch-kathmandu/category/markup/feed/,External
147,Software,9,http://catchthemes.com/demo/catch-kathmandu/tag/css/feed/,External
148,Software,9,http://catchthemes.com/demo/catch-kathmandu/tag/markup-2/,External
149,Technology,11,http://champions.peoplebrowsr.com/,External
150,Consulting,2,http://charliehoehn.com/2013/01/14/15-years-of-apple-dot-com-homepage/,External
151,Consulting,2,http://chrisbrogan.com/presentations-as-relationships/,External
152,News,7,http://chronicle.com/,External
153,News,7,http://chronicle.com/blogs/profhacker/author/akoh/feed,External
154,News,7,http://chronicle.com/blogs/profhacker/netnonneutral/56855,External
155,News,7,http://cinehouseuk.blogspot.com/,External
156,Education,4,http://code.org/about/partners,External
157,Technology,11,http://codepen.io/bennettfeely/details/twbyA,External
158,Software,9,http://colorlib.com/,External
159,Software,9,http://colorlib.com/dazzling/markup-html-tags-and-formatting/,External
160,Software,9,http://colorlib.com/dazzling/tag/css/feed/,External
161,Software,9,http://colorlib.com/dazzling/tag/formatting-2/feed/,External
162,Software,9,http://colorlib.com/dazzling/tag/markup-2/feed/,External
163,Software,9,http://colorlib.com/sparkling/category/markup/feed/,External
164,Software,9,http://colorlib.com/sparkling/tag/formatting-2/feed/,External
165,Software,9,http://colorlib.com/unite/about/page-markup-and-formatting/,External
166,Software,9,http://colorlib.com/unite/feed/,External
167,Software,9,http://colorlib.com/unite/tag/css/feed/,External
168,Software,9,http://colorlib.com/unite/template-comments/,External
169,Social Networking,8,http://conf.peoplebrowsr.com/,External
170,Education,4,http://conferences.oreillynet.com/,External
171,Education,4,http://conferences.oreillynet.com/biocon2002/,External
172,Education,4,http://conferences.oreillynet.com/cs/bio2002/pub/w/17/exhibitors.html,External
173,Education,4,http://conferences.oreillynet.com/cs/bio2002/pub/w/17/sponsors.html,External
174,Education,4,http://consciencia.blog.br/,External
175,Technology,11,http://content.photojojo.com/buy-this/photoshop-keyboard-skins/,External
176,News,7,http://content.usatoday.com/communities/technologylive/post/2011/05/impact-of-chinese-factory-explosion-on-ipad/1,External
177,Technology,11,http://content.yudu.com/,External
178,Technology,11,http://content.yudu.com/Library/A22rqk/121/resources/5.htm,External
179,Technology,11,http://content.yudu.com/Library/A2hx5f/TigerpawPress201314S/resources/4.htm,External
180,Education,4,http://convention.cis.at/,External
181,Technology,11,http://cookingupafamily.com/,External
182,Technology,11,http://corte.si/posts/security/apple-udid-survey/index.html,External
183,Software,9,http://crestaproject.com/,External
184,Software,9,http://crestaproject.com/demo/annina-pro/?p=1,External
185,Software,9,http://crestaproject.com/demo/blogghiamo-pro/,External
186,Software,9,http://crestaproject.com/demo/zenzero-pro/,External
187,Technology,11,http://crowdmics.com/,External
188,Education,4,http://customerexperiencematrix.blogspot.com/2014/04/marketo-conference-small-changes-big.html,External
189,Technology,11,http://cydiarepos.tripod.com/,External
190,Education,4,http://daringfireball.net/,External
191,Education,4,http://daringfireball.net/2013/09/iphone_5c_5c_event,External
192,Education,4,http://daringfireball.net/linked/2005/january,External
193,Social Networking,8,http://davedelong.com/,External
194,Software,9,http://demo.designedby.it/native/,External
195,Software,9,http://demo.designedby.it/native/2013/01/11/markup-html-tags-and-formatting/,External
196,Technology,11,http://demo.ericmmartin.com/,External
197,Technology,11,http://demo.ericmmartin.com/?author=2,External
198,Technology,11,http://demo.ericmmartin.com/?cat=29,External
199,Technology,11,http://demo.ericmmartin.com/?tag=content-2,External
200,Technology,11,http://demo.ericmmartin.com/?tag=css,External
201,Technology,11,http://demo.ericmmartin.com/?tag=formatting-2,External
202,Technology,11,http://demo.ericmmartin.com/?tag=html,External
203,Technology,11,http://demo.narga.net/,External
204,Technology,11,http://demo.starverte.com/,External
205,Software,9,http://demo.themegrill.com/spacious/typography/,External
206,Software,9,http://demo.thinkupcloud.com/minamaze-free/,External
207,Travel,12,http://demo.travel-guides.dk/,External
208,Travel,12,http://demo.travel-guides.dk/?p=1148,External
209,Travel,12,http://demo.travel-guides.dk/?p=1178,External
210,Education,4,http://demos.bavotasan.com/ward/,External
211,Education,4,http://dennis-albrethsen.dk/dennis-albrethsen_sider/links.html,External
212,News,7,http://derstandard.at/,External
213,News,7,http://derstandard.at/1379292899086/Apfelkind-Kaffeehaus-gewinnt-Markenstreit-mit-Apple,External
214,News,7,http://derstandard.at/1381371993240/Apple-und-Samsung-streiten-vor-US-Gericht-um-Schadenersatz,External
215,News,7,http://derstandard.at/1385170320330/Apple-Kaffee-und-Techno-Das-Erfolgsrezept-von-Jony-Ive,External
216,News,7,http://derstandard.at/1397522548302/Unverschluesselte-E-Mail-Anhaenge-Fehler-in-iOS-7-entdeckt,External
217,News,7,http://derstandard.at/1399506933345/Apple-schickt-iPhone-4-endgueltig-in-Rente,External
218,News,7,http://derstandard.at/2000003387008/Bildschirmneid-Samsung-stichelt-mit-Werbespot-Richtung-Apple,External
219,News,7,http://derstandard.at/2000003581634/Leak-Angebliche-Leiterplatte-des-iPhone-6-aufgetaucht,External
220,News,7,http://derstandard.at/2000005090797/Umfassendes-Video-von-iPhone-6-aufgetaucht,External
221,News,7,http://derstandard.at/2000005652281/NFC-Chip-in-iPhone-6-nur-fuer-Apple-Pay-verwendbar,External
222,News,7,http://derstandard.at/2000007225069/Konkurrenz-aus-China-fuer-Smartphone-Marktfuehrer-Apple-und-Samsung,External
223,News,7,http://derstandard.at/2000008590508/WLAN-Probleme-mit-iOS-8-Neues-Tool-soll-Abhilfe-schaffen,External
224,News,7,http://derstandard.at/2000008740969/Swatch-Chef-ueber-Apple-Watch-Haette-es-unter-Jobs-nicht,External
225,News,7,http://derstandard.at/2000010265708/Apple-zwingt-iOS-Entwicklern-Kopierschutz-auf,External
226,News,7,http://derstandard.at/2000010367754/iPhone-6S-angeblich-mit-optischem-Zoom-und-Force-Touch,External
227,News,7,http://derstandard.at/2000010592820/Sanktionen-Entwickler-von-der-Krim-fliegen-aus-App-Store,External
228,News,7,http://derstandard.at/2000010692517/Google-legt-Fehler-in-Apples-OS-X-offen,External
229,News,7,http://derstandard.at/2000011502165/Apple-erzielt-93-Prozent-des-Profits-in-Smartphone-Branche,External
230,News,7,http://derstandard.at/2000011562068/Apple-Zukunft-Tim-Cook-hat-keine-Angst-vor-Android,External
231,Technology,11,http://designmodo.com/website-redesign/,External
232,Technology,11,http://designroast.org/,External
233,Technology,11,http://develop.alldayeveryday.com/,External
234,Technology,11,http://dexterweb.nl/,External
235,Technology,11,http://digiday.com/brands/5-web-design-lessons-apple-product-launch/,External
236,Social Networking,8,http://digiwonk.wonderhowto.com/how-to/find-out-who-doesnt-like-you-anymore-facebook-google-instagram-pinterest-tumblr-and-twitter-0140533/,External
237,Social Networking,8,http://disqus.com/,External
238,Social Networking,8,http://disqus.com/embed/comments/?disqus_version=82d70f54&base=default&f=wiredenterprise&t_i=105911%20http%3A%2F%2Fwww.wired.com%2Fwiredenterprise%2F%3Fp%3D105911&t_e=Out%20in%20the%20Open%3A%20Say%20Hello%20to%20the%20Apple%20of%20Linux%20OSes&t_d=Out%20in%20the%20Open%3A%20Say%20Hello%20to%20the%20Apple%20of%20Linux%20OSes&t_t=Out%20in%20the%20Open%3A%20Say%20Hello%20to%20the%20Apple%20of%20Linux%20OSes&s_o=asc,External
239,Social Networking,8,http://disqus.com/embed/comments/?disqus_version=82d70f54&base=default&f=wiredenterprise&t_i=105911%20http%3A%2F%2Fwww.wired.com%2Fwiredenterprise%2F%3Fp%3D105911&t_e=Out%20in%20the%20Open%3A%20Say%20Hello%20to%20the%20Apple%20of%20Linux%20OSes&t_d=Out%20in%20the%20Open%3A%20Say%20Hello%20to%20the%20Apple%20of%20Linux%20OSes&t_t=Out%20in%20the%20Open%3A%20Say%20Hello%20to%20the%20Apple%20of%20Linux%20OSes&s_o=default,External
240,Entertainment,5,http://ditlo.com/2013/09/25/jorge-cruise/,External
241,Education,4,http://ejohn.org/blog/traffic-conditions-data/,External
242,Education,4,http://ejohn.org/files/obj-detect.html,External
243,Education,4,http://elizabeths-blargh.blogspot.com/2015/01/an-open-letter-to-richard-m-stallman.html,External
244,Education,4,http://en.wikipedia.org/wiki/Wikipedia:Citing_sources,External
245,Education,4,http://en.wikiquote.org/wiki/Apple_Inc.,External
246,Technology,11,http://environmentsforhumans.com/2012/css-summit/,External
247,Social Networking,8,http://feeds.feedburner.com/,External
248,Social Networking,8,http://feeds.feedburner.com/2FatDads,External
249,Social Networking,8,http://feeds.feedburner.com/BridgemanComputers,External
250,Social Networking,8,http://feeds.feedburner.com/Design2-0,External
251,Social Networking,8,http://feeds.feedburner.com/DigitalMinimalism,External
252,Social Networking,8,http://feeds.feedburner.com/grigorievs,External
253,Social Networking,8,http://feeds.feedburner.com/itline,External
254,Social Networking,8,http://feeds.feedburner.com/leardon/ExGX,External
255,Social Networking,8,http://feeds.feedburner.com/macexpress_iphone,External
256,Social Networking,8,http://feeds.feedburner.com/MaximumCustomerExperienceBlog,External
257,Social Networking,8,http://feeds.feedburner.com/mbl0gger/,External
258,Social Networking,8,http://feeds.feedburner.com/MyMicro-isv,External
259,Social Networking,8,http://feeds.feedburner.com/newsblogs-computer,External
260,Social Networking,8,http://feeds.feedburner.com/oriolriuscat-mussol,External
261,Social Networking,8,http://feeds.feedburner.com/resonancepartnership/jrqO,External
262,Social Networking,8,http://feeds.feedburner.com/SupportOpsHangout,External
263,Social Networking,8,http://feeds.feedburner.com/Surf100ProxyBlog,External
264,Social Networking,8,http://feeds.feedburner.com/swongled2?format=xml,External
265,Social Networking,8,http://feeds.feedburner.com/swongledatom?format=xml,External
266,Social Networking,8,http://feeds.feedburner.com/swongledrdf?format=xml,External
267,Social Networking,8,http://feeds.feedburner.com/toptenselection,External
268,Social Networking,8,http://feeds.feedburner.com/Yumeware,External
269,Social Networking,8,http://feeds2.feedburner.com/,External
270,Social Networking,8,http://feeds2.feedburner.com/itline,External
271,Social Networking,8,http://feeds2.feedburner.com/lostintechnology/rss,External
272,Social Networking,8,http://feeds2.feedburner.com/nilcolor,External
273,Social Networking,8,http://feeds2.feedburner.com/StevenCrader,External
274,Technology,11,http://hackerspace.lifehacker.com/wwdc-is-coming-511271518,External
275,Technology,11,http://flickrstudioapp.com/,External
276,News,7,http://fortune.com/,External
277,News,7,http://fortune.com/2008/11/26/apple-sale-all-macs-must-go-update/,External
278,News,7,http://fortune.com/2013/10/22/watching-apples-live-stream/,External
279,News,7,http://fortune.com/2013/11/06/takedown-apple-invokes-the-digital-millennium-copyright-act/,External
280,News,7,http://fortune.com/2014/04/21/video-how-green-is-apple/,External
281,News,7,http://forums.lenovo.com/t5/T61-and-prior-T-series-ThinkPad/T61-Support-SATA-II/td-p/64464/page/6,External
282,News,7,http://macrumors.com,External
283,News,7,http://forums.macrumors.com/showthread.php?t=1469926,External
284,News,7,http://forums.macrumors.com/showthread.php?t=348100,External
285,News,7,http://forums.macrumors.com/showthread.php?t=370511&page=2,External
286,News,7,http://forums.macrumors.com/showthread.php?t=449178&page=3,External
287,News,7,http://forums.macrumors.com/showthread.php?t=449178&page=5,External
288,News,7,http://forums.macrumors.com/showthread.php?t=463712,External
289,News,7,http://forums.macrumors.com/showthread.php?t=474165,External
290,News,7,http://forums.macrumors.com/showthread.php?t=477380,External
291,Education,4,http://friendfeed.com/,External
292,Education,4,http://friendfeed.com/giacomozzi/comments,External
293,Education,4,http://friendfeed.com/jamesgrandstaff,External
294,Education,4,http://friendfeed.com/lyndonperry,External
295,Education,4,http://friendfeed.com/tolgaokur?start=30,External
296,News,7,http://latimesblogs.latimes.com/technology/2010/02/apple-itunes-sells-10-billion-songs-but-not-10-billions.html,External
297,News,7,http://gizmodo.com/5557673/safari-5-clips-chrome-and-apes-instapaper-with-safari-reader,External
298,Education,4,http://gr.peoplebrowsr.com/,External
299,Education,4,http://greatideas.people.com/2014/09/09/apple-iphone-6-plus-cupcakes/,External
300,Technology,11,http://homestead.com/,External
301,Technology,11,http://listings.homestead.com/g10742-clinton-twp-mi/c41-computers-electronics?name=Computers%20&%20Electronics&where=&start=10,External
302,Technology,11,http://listings.homestead.com/g140-pasadena-ca/c41-computers-electronics,External
303,Technology,11,http://listings.homestead.com/g1942-seattle-wa/c39-home-garden?name=Home%20&%20Garden&where=&start=60,External
304,Technology,11,http://listings.homestead.com/g21953-charlotte-nc/c1577-audio-video-equipment?name=Audio%20&%20Video%20Equipment&where=&start=10,External
305,Technology,11,http://listings.homestead.com/g21953-charlotte-nc/c41-computers-electronics?name=Computers%20&%20Electronics&where=&start=10,External
306,Technology,11,http://listings.homestead.com/g23599-altamonte-spgs-fl/c41-computers-electronics?name=Computers%20&%20Electronics&where=&start=50,External
307,Technology,11,http://listings.homestead.com/g23831-tampa-fl/c902-computer-electronics-retail?name=Computer%20&%20Electronics%20Retail&where=&start=10,External
308,Technology,11,http://listings.homestead.com/g24029-fort-pierce-fl/c44-business-to-business?name=Business%20to%20Business&where=&start=10,External
309,Technology,11,http://listings.homestead.com/g252-escondido-ca/c904-electronics-retailers?name=Electronics%20Retailers&where=&start=40,External
310,Technology,11,http://listings.homestead.com/g25929-burlington-ma/c41-computers-electronics?name=Computers%20&%20Electronics&where=&start=60,External
311,Technology,11,http://listings.homestead.com/g27540-farmington-ct/c41-computers-electronics?name=Computers%20&%20Electronics&where=&start=20,External
312,Technology,11,http://listings.homestead.com/g6038-lone-tree-co/c41-computers-electronics?name=Computers%20&%20Electronics&where=&start=10,External
313,Technology,11,http://listings.homestead.com/g731-san-francisco-ca/c41-computers-electronics?name=Computers%20&%20Electronics&where=&start=50,External
314,Technology,11,http://listings.homestead.com/g731-san-francisco-ca/c902-computer-electronics-retail?name=Computer%20&%20Electronics%20Retail&where=&start=20,External
315,Technology,11,http://listings.homestead.com/g732-sacramento-ca/c1577-audio-video-equipment?name=Audio%20&%20Video%20Equipment&where=&start=10,External
316,Technology,11,http://listings.homestead.com/g7330-tucson-az/c1577-audio-video-equipment?name=Audio%20&%20Video%20Equipment&where=&start=20,External
317,Technology,11,http://listings.homestead.com/g7330-tucson-az/c902-computer-electronics-retail?name=Computer%20&%20Electronics%20Retail&where=&start=10,External
318,Technology,11,http://listings.homestead.com/g733-palo-alto-ca/c39-home-garden?name=Home%20&%20Garden&where=&start=10,External
319,Technology,11,http://listings.homestead.com/g7845-las-vegas-nv/c1577-audio-video-equipment?name=Audio%20&%20Video%20Equipment&where=&start=10,External
320,Technology,11,http://listings.homestead.com/info-apple-store-boca-raton-fl-1,External
321,Technology,11,http://listings.homestead.com/info-apple-store-freehold-nj-1,External
322,Technology,11,http://listings.homestead.com/info-apple-store-mc-lean-va-1,External
323,Technology,11,http://listings.homestead.com/info-apple-store-peabody-ma-1,External
324,Technology,11,http://listings.homestead.com/info-apple-store-ridgeland-ms-1,External
325,Technology,11,http://listings.homestead.com/info-apple-store-sherman-oaks-ca-1,External
326,News,7,http://grywamy.com/,External
327,Ecom,3,http://homeyimprovements.com/,External
328,Education,4,http://hourofcode.com/,External
329,Education,4,http://hourofcode.com/es/partners,External
330,Education,4,http://hourofcode.com/fr/partners,External
331,Education,4,http://hourofcode.com/nl/partners,External
332,Technology,11,http://hourofcode.com/us/partners,External
333,Ecom,3,http://iapple.herniweb.cz/readarticle.php?article_id=3,External
334,News,7,http://insights.wired.com/profiles/blogs/apple-pay-restoring-the-wallet-back-to-a-styling-accessory,External
335,Education,4,http://incident57.com/,External
336,Education,4,http://incident57.com/codekit/,External
337,Ecom,3,http://liveoutloudproductions.com/,External
338,Technology,11,http://llvm.org/,External
339,Education,4,http://llvm.org/devmtg/2009-10/,External
340,Education,4,http://llvm.org/devmtg/2011-11/,External
341,Education,4,http://llvm.org/devmtg/2012-11/,External
342,Education,4,http://llvm.org/devmtg/2013-11/,External
343,Technology,11,http://mac.appstorm.net/roundups/utilities-roundups/8-versatile-mac-screenshot-apps/,External
344,News,7,http://mashable.com/,External
345,Ecom,3,http://marty.com/,External
346,News,7,http://mashable.com/2007/06/12/apple-bebo/,External
347,News,7,http://mashable.com/2007/11/29/brightcove-misses-the-point-of-business-make-money/,External
348,News,7,http://mashable.com/2008/05/05/2008-webby-award-winners/,External
349,News,7,http://mashable.com/2009/01/30/super-bowl-ads-tech/,External
350,News,7,http://mashable.com/2010/08/31/apple-live-video-strea/,External
351,News,7,http://mashable.com/2011/02/04/iphone-4-verizon-record/,External
352,News,7,http://mashable.com/2013/02/22/social-media-marketing-strategy/,External
353,News,7,http://mashable.com/2014/09/29/advertising-tech-engagement/,External
354,Apple,1,http://apple.com/,Internal
355,Advertising,13,http://www.harishvenkatesh.advertising.com ,External
356,Automobile,14,http://www.harishvenkatesh.automobile.com ,External
